时间,地区生产总值累计值(亿元),地区生产总值指数(上年同期=100)累计值(%),居民人均消费支出累计值(元),城镇居民人均消费支出累计值(元),农村居民人均消费支出累计值(元),居民人均可支配收入累计值(元),城镇居民人均可支配收入累计值(元),农村居民人均可支配收入累计值(元),建筑业企业签订合同金额累计值(亿元),province,region
2025-09-30,40721.0,105.5,40892.0,42686.0,24606.0,69220.0,72517.0,39293.0,33745.06,上海,东部
2025-06-30,26222.0,105.1,27179.0,28351.0,16535.0,46805.0,48939.0,27431.0,30820.35,上海,东部
2025-03-31,12735.0,105.1,14047.0,14636.0,8805.0,25766.0,26929.0,15421.0,27775.9,上海,东部
2024-12-31,53927.0,105.0,52722.0,54980.0,32320.0,88366.0,93095.0,45644.0,38782.03,上海,东部
2024-09-30,38716.0,104.7,39626.0,41396.0,23682.0,66341.0,69567.0,37266.0,34472.45,上海,东部
2024-06-30,25066.0,104.8,26341.0,27488.0,16013.0,44735.0,46823.0,25918.0,31568.28,上海,东部
2024-03-31,12155.0,105.0,13671.0,14249.0,8560.0,24640.0,25781.0,14557.0,27675.27,上海,东部
2023-12-31,51404.0,105.3,52508.0,54919.0,30782.0,84834.0,89477.0,42988.0,38496.78,上海,东部
2023-09-30,37152.0,106.3,39969.0,41867.0,22905.0,63681.0,66857.0,35130.0,33749.36,上海,东部
2023-06-30,24075.0,110.1,26155.0,27439.0,14607.0,42870.0,44922.0,24418.0,30146.28,上海,东部
2023-03-31,11633.0,103.4,12986.0,13608.0,7501.0,23489.0,24615.0,13564.0,26232.43,上海,东部
2022-12-31,48594.0,100.2,46045.0,48111.0,27430.0,79610.0,84034.0,39729.0,36290.17,上海,东部
2022-09-30,33865.0,99.1,32785.0,34320.0,18984.0,59472.0,62479.0,32435.0,30149.76,上海,东部
2022-06-30,21163.0,94.7,21028.0,22043.0,11901.0,38996.0,40950.0,21434.0,25914.83,上海,东部
2022-03-31,10950.0,103.6,12829.0,13377.0,7999.0,22663.0,23772.0,12891.0,21673.93,上海,东部
2021-12-31,47059.0,108.7,48879.0,51295.0,27205.0,78027.0,82429.0,38521.0,32644.76,上海,东部
2021-09-30,33449.0,110.4,35499.0,37292.0,19446.0,58907.0,61915.0,31985.0,27164.07,上海,东部
2025-09-30,23518.0,104.3,17239.0,23059.0,12524.0,22543.0,35266.0,12238.0,12518.85,云南,西部
2025-06-30,15537.0,104.4,11255.0,15348.0,7940.0,15050.0,23789.0,7972.0,10970.07,云南,西部
2025-03-31,7491.0,104.3,6260.0,8468.0,4499.0,8018.0,12364.0,4550.0,9198.01,云南,西部
2024-12-31,31534.0,103.3,22280.0,29755.0,16214.0,29932.0,45312.0,17450.0,15181.17,云南,西部
2024-09-30,22573.0,103.0,16603.0,22658.0,11816.0,21474.0,34051.0,11531.0,12371.31,云南,西部
2024-06-30,14891.0,103.5,10802.0,15048.0,7445.0,14293.0,22881.0,7504.0,10709.97,云南,西部
2024-03-31,7168.0,104.6,5982.0,8243.0,4221.0,7602.0,11873.0,4277.0,8837.75,云南,西部
2023-12-31,30596.0,104.5,20995.0,28338.0,15147.0,28421.0,43563.0,16361.0,15288.67,云南,西部
2023-09-30,22056.0,104.5,15455.0,21228.0,10977.0,20367.0,32709.0,10793.0,12391.15,云南,西部
2023-06-30,14383.0,105.2,10028.0,14130.0,6846.0,13518.0,21911.0,7008.0,10293.26,云南,西部
2023-03-31,6951.0,104.9,5361.0,7515.0,3716.0,7119.0,11264.0,3952.0,8419.97,云南,西部
2022-12-31,29301.0,104.3,18951.0,26240.0,13309.0,26937.0,42168.0,15147.0,15601.0,云南,西部
2022-09-30,21070.0,103.7,14087.0,19802.0,9778.0,19339.0,31729.0,9999.0,12313.39,云南,西部
2022-06-30,13626.0,103.4,9089.0,13100.0,6066.0,12809.0,21193.0,6490.0,10434.13,云南,西部
2022-03-31,6545.0,105.2,4887.0,6857.0,3425.0,6810.0,10933.0,3749.0,8420.17,云南,西部
2021-12-31,27895.0,107.4,18851.0,27441.0,12386.0,25666.0,40905.0,14197.0,13857.19,云南,西部
2021-09-30,20050.0,108.9,13788.0,20144.0,9130.0,18420.0,30816.0,9336.0,11102.15,云南,西部
2025-09-30,18472.0,104.5,20813.0,24987.0,13986.0,31109.0,40602.0,15583.0,3916.5,内蒙,西部
2025-06-30,12078.0,105.4,14044.0,16610.0,9847.0,20042.0,26526.0,9436.0,3525.43,内蒙,西部
2025-03-31,5816.0,105.4,7523.0,8804.0,5443.0,11303.0,13984.0,6950.0,2567.88,内蒙,西部
2024-12-31,26315.0,105.8,28113.0,33342.0,19631.0,40077.0,50888.0,22543.0,4392.16,内蒙,西部
2024-09-30,18193.0,105.8,20129.0,24405.0,13279.0,29724.0,39070.0,14753.0,3844.5,内蒙,西部
2024-06-30,11901.0,106.2,13511.0,16102.0,9359.0,19054.0,25373.0,8932.0,3329.3,内蒙,西部
2024-03-31,5728.0,105.9,7138.0,8401.0,5129.0,10736.0,13352.0,6576.0,2232.13,内蒙,西部
2023-12-31,25020.0,107.4,27025.0,32249.0,18650.0,38130.0,48676.0,21221.0,3936.49,内蒙,西部
2023-09-30,17479.0,107.3,19241.0,23434.0,12603.0,28316.0,37443.0,13863.0,3415.03,内蒙,西部
2023-06-30,11368.0,107.4,12667.0,15162.0,8718.0,18151.0,24339.0,8353.0,2838.81,内蒙,西部
2023-03-31,5541.0,105.7,6497.0,7676.0,4644.0,10068.0,12584.0,6114.0,1679.0,内蒙,西部
2022-12-31,23796.0,104.5,22298.0,26667.0,15444.0,35921.0,46295.0,19641.0,4085.21,内蒙,西部
2022-09-30,16741.0,105.3,16543.0,20175.0,10914.0,26683.0,35590.0,12880.0,3609.61,内蒙,西部
2022-06-30,10807.0,104.6,10802.0,13080.0,7272.0,17177.0,23241.0,7778.0,3093.51,内蒙,西部
2022-03-31,5245.0,106.1,5801.0,6918.0,4081.0,9622.0,12128.0,5766.0,2161.77,内蒙,西部
2021-12-31,21585.0,106.9,22658.0,27194.0,15691.0,34108.0,44377.0,18337.0,4205.94,内蒙,西部
2021-09-30,15173.0,108.5,16243.0,20025.0,10505.0,25132.0,33767.0,12031.0,3684.5,内蒙,西部
2025-09-30,38416.0,105.6,37246.0,39765.0,20777.0,67206.0,72449.0,32933.0,45493.92,北京,东部
2025-06-30,25029.0,105.5,24847.0,26447.0,14391.0,45144.0,48665.0,22124.0,41635.43,北京,东部
2025-03-31,12160.0,105.5,13332.0,14226.0,7490.0,23606.0,25378.0,12022.0,37350.34,北京,东部
2024-12-31,49843.0,105.2,49748.0,53214.0,27349.0,85415.0,92464.0,39856.0,50795.33,北京,东部
2024-09-30,36393.0,105.1,36581.0,39127.0,20125.0,64314.0,69432.0,31234.0,46208.84,北京,东部
2024-06-30,23724.0,105.4,24165.0,25769.0,13802.0,43084.0,46524.0,20852.0,41943.85,北京,东部
2024-03-31,11519.0,106.0,13034.0,13938.0,7190.0,22481.0,24210.0,11305.0,35526.69,北京,东部
2023-12-31,47354.0,105.5,47586.0,50897.0,26277.0,81752.0,88650.0,37358.0,50351.47,北京,东部
2023-09-30,34580.0,105.4,34783.0,37225.0,19068.0,61718.0,66755.0,29295.0,42249.51,北京,东部
2023-06-30,22495.0,105.8,22861.0,24391.0,13014.0,41358.0,44749.0,19534.0,37001.58,北京,东部
2023-03-31,10861.0,103.4,12045.0,12875.0,6706.0,21367.0,23047.0,10551.0,28755.85,北京,东部
2022-12-31,45222.0,101.0,42683.0,45617.0,23745.0,77415.0,84023.0,34754.0,49291.42,北京,东部
2022-09-30,32703.0,101.1,31671.0,33867.0,17494.0,58597.0,63441.0,27322.0,40468.44,北京,东部
2022-06-30,21152.0,101.0,21035.0,22457.0,11854.0,39391.0,42680.0,18164.0,35082.28,北京,东部
2022-03-31,10294.0,105.1,11332.0,12100.0,6375.0,20630.0,22274.0,10016.0,28254.44,北京,东部
2021-12-31,44351.0,109.2,43640.0,46776.0,23574.0,75002.0,81518.0,33303.0,42756.92,北京,东部
2021-09-30,32176.0,111.4,31781.0,34037.0,17348.0,56498.0,61243.0,26125.0,35013.86,北京,东部
2025-09-30,10832.0,105.3,16911.0,20999.0,11313.0,23435.0,30366.0,13941.0,3543.27,吉林,东北
2025-06-30,6823.0,105.7,11190.0,13923.0,7447.0,15973.0,20017.0,10435.0,2759.49,吉林,东北
2025-03-31,3182.0,105.5,5779.0,7162.0,3903.0,9255.0,10677.0,7326.0,1661.26,吉林,东北
2024-12-31,14361.0,104.3,23118.0,28770.0,15467.0,31318.0,39157.0,20704.0,4303.11,吉林,东北
2024-09-30,10437.0,104.1,16492.0,20741.0,10791.0,22312.0,29105.0,13199.0,3559.37,吉林,东北
2024-06-30,6541.0,105.7,10724.0,13554.0,6928.0,15149.0,19092.0,9859.0,2782.35,吉林,东北
2024-03-31,3059.0,106.5,5467.0,6865.0,3608.0,8782.0,10184.0,6919.0,1392.19,吉林,东北
2023-12-31,13943.0,106.5,21411.0,26677.0,14354.0,29797.0,37503.0,19472.0,4534.86,吉林,东北
2023-09-30,10121.0,106.0,15521.0,19320.0,10477.0,21210.0,27844.0,12401.0,3533.69,吉林,东北
2023-06-30,6254.0,107.7,10065.0,12488.0,6849.0,14324.0,18143.0,9253.0,2834.17,吉林,东北
2023-03-31,2894.0,108.2,4956.0,6026.0,3549.0,8306.0,9676.0,6504.0,1758.61,吉林,东北
2022-12-31,13121.0,98.1,17898.0,21835.0,12729.0,27975.0,35471.0,18134.0,4464.55,吉林,东北
2022-09-30,9519.0,98.4,12710.0,15567.0,8993.0,19740.0,26061.0,11516.0,3451.9,吉林,东北
2022-06-30,5749.0,94.0,8166.0,10001.0,5778.0,13112.0,16701.0,8444.0,2707.9,吉林,东北
2022-03-31,2600.0,92.1,4891.0,5903.0,3587.0,8049.0,9444.0,6250.0,1256.02,吉林,东北
2021-12-31,13431.0,106.6,19605.0,24421.0,13411.0,27770.0,35646.0,17642.0,4318.89,吉林,东北
2021-09-30,9630.0,107.7,13848.0,17511.0,9180.0,19914.0,26566.0,11436.0,3246.16,吉林,东北
2025-09-30,24449.0,105.3,20567.0,24544.0,13683.0,32283.0,40683.0,17745.0,14799.26,四川,西部
2025-06-30,15930.0,105.0,14001.0,16797.0,9162.0,22117.0,28051.0,11845.0,12574.47,四川,西部
2025-03-31,7575.0,104.3,7335.0,8805.0,4842.0,11860.0,14912.0,6681.0,10498.22,四川,西部
2024-12-31,32193.0,105.7,27451.0,32360.0,18918.0,39713.0,49778.0,22221.0,17339.85,四川,西部
2024-09-30,23347.0,106.0,19960.0,24061.0,12971.0,30792.0,39007.0,16790.0,14593.34,四川,西部
2024-06-30,15215.0,106.1,13446.0,16266.0,8639.0,21036.0,26835.0,11152.0,12384.52,四川,西部
2024-03-31,7289.0,106.2,7058.0,8555.0,4556.0,11251.0,14224.0,6280.0,9890.72,四川,西部
2023-12-31,30614.0,106.2,26515.0,31531.0,17964.0,37595.0,47435.0,20820.0,17671.6,四川,西部
2023-09-30,22362.0,105.6,19312.0,23564.0,12203.0,29241.0,37298.0,15768.0,14528.86,四川,西部
2023-06-30,14432.0,104.6,12934.0,15843.0,8068.0,19920.0,25588.0,10442.0,12206.45,四川,西部
2023-03-31,6981.0,104.7,6784.0,8328.0,4252.0,10670.0,13606.0,5856.0,9995.34,四川,西部
2022-12-31,28772.0,102.5,25371.0,30574.0,16727.0,35666.0,45509.0,19313.0,17830.95,四川,西部
2022-09-30,20864.0,102.9,18351.0,22676.0,11301.0,27826.0,35863.0,14727.0,14819.16,四川,西部
2022-06-30,13540.0,103.8,12491.0,15479.0,7621.0,18923.0,24539.0,9768.0,12644.8,四川,西部
2022-03-31,6476.0,105.0,6593.0,8171.0,4071.0,10240.0,13183.0,5534.0,10117.04,四川,西部
2021-12-31,28093.0,108.4,24598.0,29850.0,16096.0,33803.0,43502.0,18100.0,17568.51,四川,西部
2021-09-30,20020.0,110.0,17395.0,21618.0,10690.0,26133.0,33962.0,13700.0,14259.18,四川,西部
2025-09-30,13416.0,104.7,27823.0,29753.0,18140.0,44353.0,47990.0,26112.0,16258.35,天津,东部
2025-06-30,8707.0,105.3,18673.0,19948.0,12278.0,29176.0,31545.0,17293.0,14829.11,天津,东部
2025-03-31,4194.0,105.8,9740.0,10343.0,6742.0,15987.0,17245.0,9725.0,13380.24,天津,东部
2024-12-31,18024.0,105.1,35804.0,38309.0,23129.0,53581.0,57705.0,32715.0,19371.75,天津,东部
2024-09-30,13056.0,104.7,26723.0,28608.0,17398.0,42499.0,46078.0,24786.0,16281.85,天津,东部
2024-06-30,8446.0,104.9,17957.0,19211.0,11751.0,27874.0,30204.0,16345.0,14790.38,天津,东部
2024-03-31,4024.0,105.3,9370.0,9962.0,6461.0,15260.0,16496.0,9188.0,12377.44,天津,东部
2023-12-31,17212.0,104.5,34914.0,37586.0,21553.0,51271.0,55355.0,30851.0,17491.15,天津,东部
2023-09-30,12574.0,104.9,25719.0,27722.0,15917.0,40713.0,44253.0,23394.0,13719.56,天津,东部
2023-06-30,8055.0,105.0,16685.0,17901.0,10733.0,26655.0,28948.0,15440.0,11739.96,天津,东部
2023-03-31,3819.0,105.7,8472.0,9048.0,5678.0,14524.0,15737.0,8638.0,9823.8,天津,东部
2022-12-31,16589.0,101.2,31324.0,33824.0,18934.0,48976.0,53003.0,29018.0,16536.83,天津,东部
2022-09-30,12161.0,101.3,23332.0,25285.0,13864.0,38935.0,42416.0,22057.0,12781.24,天津,东部
2022-06-30,7789.0,100.7,15203.0,16404.0,9383.0,25454.0,27715.0,14488.0,11092.21,天津,东部
2022-03-31,3617.0,100.4,7882.0,8443.0,5184.0,14082.0,15288.0,8283.0,7434.41,天津,东部
2021-12-31,16093.0,106.8,33188.0,36067.0,19285.0,47449.0,51486.0,27955.0,14101.65,天津,东部
2021-09-30,11650.0,108.8,24387.0,26526.0,14163.0,37572.0,41009.0,21136.0,10995.69,天津,东部
2025-09-30,4029.0,105.8,17703.0,22447.0,11538.0,24718.0,33826.0,12883.0,1249.01,宁夏,西部
2025-06-30,2651.0,105.8,11693.0,14636.0,7868.0,15461.0,21656.0,7411.0,989.24,宁夏,西部
2025-03-31,1310.0,106.0,6056.0,7418.0,4300.0,8202.0,10985.0,4619.0,746.44,宁夏,西部
2024-12-31,5503.0,105.4,22865.0,28469.0,15622.0,33355.0,44449.0,19015.0,1522.85,宁夏,西部
2024-09-30,3906.0,104.9,16798.0,21440.0,10885.0,23421.0,32253.0,12167.0,1193.53,宁夏,西部
2024-06-30,2574.0,105.1,11089.0,13977.0,7410.0,14629.0,20635.0,6977.0,930.57,宁夏,西部
2024-03-31,1261.0,105.8,5836.0,7194.0,4121.0,7740.0,10441.0,4330.0,666.65,宁夏,西部
2023-12-31,5369.0,106.7,21629.0,27076.0,14649.0,31604.0,42395.0,17772.0,1338.7,宁夏,西部
2023-09-30,3831.0,106.5,16014.0,20586.0,10238.0,22181.0,30739.0,11368.0,1129.81,宁夏,西部
2023-06-30,2531.0,106.6,10474.0,13266.0,6947.0,13806.0,19590.0,6500.0,942.76,宁夏,西部
2023-03-31,1235.0,107.6,5262.0,6626.0,3554.0,7252.0,9819.0,4040.0,698.93,宁夏,西部
2022-12-31,5168.0,104.3,19136.0,24213.0,12825.0,29599.0,40194.0,16430.0,1357.39,宁夏,西部
2022-09-30,3682.0,105.2,14400.0,18658.0,9182.0,20671.0,28953.0,10523.0,1115.89,宁夏,西部
2022-06-30,2409.0,105.7,9495.0,12086.0,6319.0,12898.0,18501.0,6032.0,889.56,宁夏,西部
2022-03-31,1141.0,105.6,5061.0,6420.0,3412.0,6918.0,9488.0,3799.0,594.28,宁夏,西部
2021-12-31,4666.0,106.9,20024.0,25386.0,13536.0,27904.0,38291.0,15337.0,1200.14,宁夏,西部
2021-09-30,3311.0,108.5,14463.0,18573.0,9560.0,19424.0,27489.0,9805.0,963.13,宁夏,西部
2025-09-30,39770.0,105.4,19774.0,23421.0,15663.0,29451.0,39508.0,18115.0,21608.72,安徽,中部
2025-06-30,25723.0,105.6,12883.0,15098.0,10386.0,19961.0,26230.0,12896.0,18463.27,安徽,中部
2025-03-31,12265.0,106.2,7224.0,8444.0,5866.0,11206.0,14667.0,7352.0,14862.1,安徽,中部
2024-12-31,50625.0,105.8,24996.0,29323.0,20154.0,36782.0,49539.0,22507.0,26366.43,安徽,中部
2024-09-30,38257.0,105.4,18862.0,22416.0,14964.0,27942.0,37793.0,17139.0,21617.32,安徽,中部
2024-06-30,24632.0,105.3,12276.0,14464.0,9877.0,18923.0,25076.0,12174.0,18229.04,安徽,中部
2024-03-31,11646.0,105.2,6885.0,8085.0,5585.0,10591.0,13979.0,6920.0,14441.81,安徽,中部
2023-12-31,48227.0,105.8,23607.0,27900.0,18905.0,34893.0,47446.0,21144.0,26774.96,安徽,中部
2023-09-30,36518.0,106.1,17741.0,21177.0,14053.0,26539.0,36272.0,16090.0,21461.63,安徽,中部
2023-06-30,23650.0,106.1,11519.0,13714.0,9163.0,17998.0,24138.0,11407.0,18012.73,安徽,中部
2023-03-31,11219.0,104.8,6465.0,7513.0,5354.0,10007.0,13350.0,6461.0,13777.73,安徽,中部
2022-12-31,45525.0,103.3,22542.0,26832.0,17980.0,32745.0,45133.0,19575.0,24119.09,安徽,中部
2022-09-30,34240.0,103.0,16733.0,20073.0,13252.0,24862.0,34396.0,14925.0,20200.71,安徽,中部
2022-06-30,22106.0,102.7,11121.0,13297.0,8854.0,16845.0,22865.0,10570.0,16448.54,安徽,中部
2022-03-31,10512.0,104.9,6306.0,7376.0,5204.0,9512.0,12832.0,6094.0,11560.09,安徽,中部
2021-12-31,43103.0,108.2,21911.0,26495.0,17163.0,30904.0,43009.0,18372.0,22637.64,安徽,中部
2021-09-30,31825.0,110.1,16166.0,19569.0,12715.0,23361.0,32603.0,13988.0,18188.95,安徽,中部
2025-09-30,77115.0,105.6,19038.0,23178.0,13269.0,33826.0,42697.0,21464.0,33993.16,山东,东部
2025-06-30,50046.0,105.6,12304.0,14961.0,8603.0,22592.0,28306.0,14631.0,28751.11,山东,东部
2025-03-31,23466.0,106.0,6675.0,8171.0,4602.0,12240.0,15486.0,7745.0,24359.75,山东,东部
2024-12-31,98566.0,105.7,25645.0,31625.0,17253.0,42077.0,54062.0,25257.0,40657.06,山东,东部
2024-09-30,73782.0,105.6,18302.0,22414.0,12687.0,32229.0,40882.0,20414.0,33370.19,山东,东部
2024-06-30,47889.0,105.8,11791.0,14413.0,8212.0,21464.0,27031.0,13863.0,28163.03,山东,东部
2024-03-31,22288.0,106.0,6410.0,7890.0,4402.0,11591.0,14744.0,7312.0,23274.91,山东,东部
2023-12-31,94206.0,106.1,24293.0,30251.0,16075.0,39890.0,51571.0,23776.0,40739.44,山东,东部
2023-09-30,70313.0,106.1,17118.0,21192.0,11650.0,30567.0,39039.0,19197.0,33554.89,山东,东部
2023-06-30,45578.0,106.3,10954.0,13500.0,7537.0,20309.0,25736.0,13025.0,27853.24,山东,东部
2023-03-31,21111.0,104.8,5923.0,7340.0,4033.0,10950.0,14021.0,6853.0,21783.5,山东,东部
2022-12-31,89519.0,104.0,22640.0,28555.0,14687.0,37560.0,49050.0,22110.0,38280.96,山东,东部
2022-09-30,66200.0,104.1,15864.0,19820.0,10688.0,28768.0,37094.0,17873.0,29835.3,山东,东部
2022-06-30,42877.0,103.7,10343.0,12861.0,7048.0,19129.0,24463.0,12150.0,24706.57,山东,东部
2022-03-31,20497.0,105.3,5721.0,7124.0,3896.0,10456.0,13503.0,6493.0,18990.26,山东,东部
2021-12-31,84838.0,108.5,22821.0,29314.0,14299.0,35705.0,47066.0,20794.0,34517.16,山东,东部
2021-09-30,61392.0,110.0,15472.0,19729.0,10036.0,27313.0,35497.0,16861.0,25404.06,山东,东部
2025-09-30,17807.0,104.0,16037.0,19635.0,11401.0,24809.0,33288.0,13883.0,11772.12,山西,中部
2025-06-30,11464.0,103.8,10687.0,13010.0,7693.0,15731.0,21252.0,8617.0,9929.86,山西,中部
2025-03-31,5611.0,104.5,5597.0,6746.0,4138.0,8484.0,11207.0,5027.0,7852.57,山西,中部
2024-12-31,25495.0,102.3,21090.0,26089.0,14626.0,32441.0,43036.0,18741.0,14142.88,山西,中部
2024-09-30,17804.0,101.8,15306.0,18827.0,10861.0,23708.0,32064.0,13159.0,11613.48,山西,中部
2024-06-30,11371.0,101.9,10185.0,12446.0,7331.0,14986.0,20389.0,8165.0,9688.48,山西,中部
2024-03-31,5507.0,101.2,5257.0,6327.0,3926.0,8067.0,10734.0,4750.0,7796.71,山西,中部
2023-12-31,26051.0,105.1,19756.0,24524.0,13684.0,30924.0,41327.0,17677.0,13835.91,山西,中部
2023-09-30,18421.0,104.6,14259.0,17418.0,10332.0,22578.0,30775.0,12388.0,11449.27,山西,中部
2023-06-30,11938.0,104.8,9427.0,11508.0,6840.0,14240.0,19526.0,7668.0,9522.53,山西,中部
2023-03-31,5953.0,105.1,4830.0,5786.0,3659.0,7594.0,10213.0,4386.0,7299.89,山西,中部
2022-12-31,25653.0,104.4,17537.0,21923.0,12091.0,29178.0,39532.0,16323.0,14143.64,山西,中部
2022-09-30,18128.0,105.4,13271.0,16417.0,9458.0,21299.0,29406.0,11471.0,11115.63,山西,中部
2022-06-30,11632.0,105.3,8761.0,10863.0,6212.0,13395.0,18588.0,7099.0,9227.81,山西,中部
2022-03-31,5544.0,106.6,4536.0,5560.0,3313.0,7206.0,9790.0,4121.0,6798.45,山西,中部
2021-12-31,23088.0,109.4,17191.0,21965.0,11410.0,27426.0,37433.0,15308.0,13327.96,山西,中部
2021-09-30,15850.0,110.8,12590.0,16076.0,8467.0,19945.0,27718.0,10754.0,10665.19,山西,中部
2025-09-30,105177.0,104.1,27912.0,32166.0,17446.0,42842.0,51187.0,22308.0,60572.51,广东,东部
2025-06-30,68725.0,104.2,18434.0,21155.0,11738.0,28343.0,33918.0,14624.0,55186.12,广东,东部
2025-03-31,33526.0,104.1,9732.0,11155.0,6274.0,15421.0,18467.0,8021.0,46635.35,广东,东部
2024-12-31,141634.0,103.5,35818.0,41055.0,23057.0,51474.0,61629.0,26729.0,71923.51,广东,东部
2024-09-30,102187.0,103.4,26773.0,30841.0,16912.0,41037.0,49247.0,21141.0,61965.46,广东,东部
2024-06-30,66640.0,103.9,17567.0,20175.0,11245.0,27127.0,32614.0,13831.0,56247.01,广东,东部
2024-03-31,32406.0,104.4,9299.0,10657.0,6050.0,14714.0,17703.0,7559.0,45568.95,广东,东部
2023-12-31,137905.0,104.9,34331.0,39333.0,22209.0,49327.0,59307.0,25142.0,68991.22,广东,东部
2023-09-30,99459.0,104.6,25481.0,29385.0,16069.0,39325.0,47390.0,19886.0,58381.96,广东,东部
2023-06-30,64880.0,105.1,16339.0,18774.0,10468.0,25956.0,31347.0,12961.0,54142.75,广东,东部
2023-03-31,31227.0,104.2,8554.0,9806.0,5574.0,13867.0,16758.0,6985.0,42394.71,广东,东部
2022-12-31,132547.0,102.1,32169.0,36936.0,20800.0,47065.0,56905.0,23598.0,68133.79,广东,东部
2022-09-30,94651.0,102.6,24219.0,27984.0,15288.0,37533.0,45465.0,18718.0,54981.6,广东,东部
2022-06-30,61404.0,102.3,15733.0,18103.0,10111.0,24749.0,30057.0,12158.0,48601.53,广东,东部
2022-03-31,29406.0,103.6,8393.0,9639.0,5476.0,13360.0,16230.0,6639.0,39492.07,广东,东部
2021-12-31,127577.0,108.3,31589.0,36621.0,20012.0,44993.0,54854.0,22306.0,60267.71,广东,东部
2021-09-30,90566.0,110.1,23286.0,27105.0,14546.0,35694.0,43592.0,17619.0,48288.78,广东,东部
2025-09-30,21487.0,105.3,16510.0,20868.0,12389.0,24216.0,33699.0,15248.0,9401.55,广西,西部
2025-06-30,13851.0,105.5,10887.0,13770.0,8160.0,16593.0,22592.0,10921.0,8099.82,广西,西部
2025-03-31,6834.0,105.8,5752.0,7225.0,4373.0,9221.0,12515.0,6138.0,6955.14,广西,西部
2024-12-31,28649.0,104.2,21150.0,26084.0,16525.0,31125.0,43044.0,19954.0,11285.47,广西,西部
2024-09-30,20612.0,103.6,15744.0,20022.0,11790.0,23032.0,32379.0,14391.0,9828.73,广西,西部
2024-06-30,13295.0,103.6,10314.0,13018.0,7814.0,15740.0,21647.0,10278.0,8886.02,广西,西部
2024-03-31,6453.0,103.1,5546.0,7001.0,4215.0,8721.0,11968.0,5750.0,7634.81,广西,西部
2023-12-31,27502.0,104.1,19749.0,24427.0,15435.0,29514.0,41287.0,18656.0,12543.62,广西,西部
2023-09-30,19963.0,103.9,14809.0,18721.0,11250.0,21833.0,31056.0,13442.0,10688.53,广西,西部
2023-06-30,12893.0,102.8,9687.0,12293.0,7315.0,14874.0,20721.0,9555.0,9567.47,广西,西部
2023-03-31,6359.0,104.9,5105.0,6551.0,3802.0,8195.0,11406.0,5303.0,8428.03,广西,西部
2022-12-31,26420.0,102.8,18343.0,22438.0,14658.0,27981.0,39703.0,17433.0,14913.01,广西,西部
2022-09-30,19050.0,102.9,13174.0,16548.0,10178.0,20746.0,29860.0,12655.0,12218.09,广西,西部
2022-06-30,12411.0,102.5,8746.0,10869.0,6861.0,14124.0,19845.0,9046.0,10469.07,广西,西部
2022-03-31,5972.0,104.7,4671.0,5831.0,3651.0,7854.0,11053.0,5044.0,7733.05,广西,西部
2021-12-31,25312.0,107.9,18088.0,22555.0,14165.0,26727.0,38530.0,16363.0,13659.11,广西,西部
2021-09-30,18300.0,109.4,12776.0,16269.0,9751.0,19855.0,29037.0,11902.0,10884.22,广西,西部
2025-09-30,15568.0,105.5,17638.0,24228.0,11219.0,20060.0,33894.0,6586.0,6610.76,新疆,西部
2025-06-30,9846.0,105.7,11764.0,16068.0,7572.0,13040.0,23183.0,3160.0,5242.7,新疆,西部
2025-03-31,4729.0,105.6,5838.0,8030.0,3734.0,6861.0,11282.0,2619.0,3551.97,新疆,西部
2024-12-31,20534.0,106.1,21364.0,28248.0,14738.0,30899.0,42820.0,19427.0,7835.8,新疆,西部
2024-09-30,14937.0,105.5,16646.0,23074.0,10551.0,18811.0,32142.0,6173.0,6504.07,新疆,西部
2024-06-30,9467.0,105.4,11092.0,15291.0,7112.0,12192.0,21949.0,2941.0,5331.42,新疆,西部
2024-03-31,4551.0,105.6,5468.0,7585.0,3491.0,6394.0,10639.0,2431.0,3801.95,新疆,西部
2023-12-31,19603.0,107.0,19715.0,26134.0,13645.0,28947.0,40578.0,17948.0,7129.1,新疆,西部
2023-09-30,14255.0,106.3,15269.0,21306.0,9645.0,17614.0,30434.0,5673.0,6053.84,新疆,西部
2023-06-30,8991.0,105.4,10214.0,14131.0,6566.0,11378.0,20701.0,2693.0,4893.91,新疆,西部
2023-03-31,4371.0,105.1,5021.0,7037.0,3171.0,5939.0,9999.0,2215.0,3711.76,新疆,西部
2022-12-31,18550.0,103.6,17927.0,24142.0,12169.0,27063.0,38410.0,16550.0,7453.76,新疆,西部
2022-09-30,13689.0,104.3,14105.0,19921.0,8798.0,16554.0,28971.0,5222.0,6346.67,新疆,西部
2022-06-30,8700.0,105.3,9607.0,13559.0,6001.0,10748.0,19791.0,2495.0,4978.88,新疆,西部
2022-03-31,4178.0,107.4,4890.0,6893.0,3091.0,5713.0,9744.0,2090.0,3331.71,新疆,西部
2021-12-31,16792.0,107.4,18961.0,25724.0,12821.0,26075.0,37642.0,15575.0,7037.99,新疆,西部
2021-09-30,11914.0,109.3,13124.0,18840.0,8013.0,15684.0,27785.0,4864.0,5479.78,新疆,西部
2025-09-30,102811.0,105.4,28700.0,32566.0,20551.0,44252.0,53001.0,25806.0,43092.01,江苏,东部
2025-06-30,66968.0,105.7,19252.0,21871.0,13692.0,30706.0,36487.0,18431.0,37053.93,江苏,东部
2025-03-31,33089.0,105.9,10825.0,12106.0,8140.0,19046.0,21896.0,13067.0,29994.87,江苏,东部
2024-12-31,137008.0,105.8,37346.0,42197.0,26975.0,55415.0,66173.0,32414.0,63199.53,江苏,东部
2024-09-30,99235.0,105.7,27296.0,31082.0,19369.0,42307.0,50801.0,24529.0,48639.2,江苏,东部
2024-06-30,64424.0,105.8,17901.0,20331.0,12817.0,29194.0,34821.0,17415.0,39364.81,江苏,东部
2024-03-31,31422.0,106.2,10058.0,11068.0,7970.0,18086.0,20872.0,12325.0,29810.06,江苏,东部
2023-12-31,130924.0,105.9,35491.0,40461.0,25029.0,52674.0,63211.0,30488.0,63351.14,江苏,东部
2023-09-30,95159.0,105.9,25843.0,29768.0,17752.0,40286.0,48634.0,23079.0,48861.14,江苏,东部
2023-06-30,61823.0,106.7,16689.0,19245.0,11419.0,27795.0,33345.0,16353.0,39176.44,江苏,东部
2023-03-31,29959.0,104.8,9343.0,10569.0,6846.0,17183.0,19955.0,11536.0,30221.83,江苏,东部
2022-12-31,124564.0,102.7,32848.0,37796.0,22597.0,49862.0,60178.0,28486.0,61858.85,江苏,东部
2022-09-30,90340.0,102.3,23762.0,27638.0,15896.0,38114.0,46250.0,21605.0,47596.38,江苏,东部
2022-06-30,57979.0,101.6,15296.0,17818.0,10180.0,26329.0,31762.0,15305.0,39419.9,江苏,东部
2022-03-31,28388.0,104.6,8662.0,9840.0,6300.0,16490.0,19251.0,10952.0,30548.85,江苏,东部
2021-12-31,119853.0,109.1,31451.0,36558.0,21130.0,47498.0,57743.0,26791.0,61442.82,江苏,东部
2021-09-30,87014.0,110.7,22701.0,26677.0,14807.0,36227.0,44267.0,20267.0,45910.18,江苏,东部
2025-09-30,25680.0,105.4,18222.0,21396.0,14540.0,27054.0,36432.0,16171.0,13897.69,江西,中部
2025-06-30,16720.0,105.6,12039.0,14235.0,9492.0,17556.0,24087.0,9978.0,11439.26,江西,中部
2025-03-31,7927.0,105.7,6606.0,7701.0,5352.0,9850.0,13055.0,6184.0,9264.76,江西,中部
2024-12-31,34202.0,105.1,24726.0,29070.0,19692.0,36007.0,47514.0,22673.0,18056.54,江西,中部
2024-09-30,24551.0,104.7,17317.0,20700.0,13473.0,25760.0,34961.0,15307.0,14241.31,江西,中部
2024-06-30,15912.0,104.5,11379.0,13592.0,8866.0,16679.0,23052.0,9441.0,11887.29,江西,中部
2024-03-31,7505.0,104.0,6221.0,7379.0,4925.0,9329.0,12456.0,5827.0,9677.65,江西,中部
2023-12-31,32677.0,104.2,23379.0,27733.0,18421.0,34242.0,45554.0,21358.0,18544.81,江西,中部
2023-09-30,23571.0,103.5,16400.0,19931.0,12458.0,24519.0,33560.0,14423.0,15361.47,江西,中部
2023-06-30,15357.0,102.5,10590.0,12792.0,8131.0,15872.0,22144.0,8868.0,11674.35,江西,中部
2023-03-31,7307.0,101.3,5766.0,6916.0,4500.0,8823.0,11918.0,5417.0,9276.52,江西,中部
2022-12-31,31568.0,104.3,21708.0,25976.0,16984.0,32419.0,43697.0,19936.0,17284.73,江西,中部
2022-09-30,22967.0,104.6,15218.0,18633.0,11512.0,23279.0,32237.0,13557.0,13025.38,江西,中部
2022-06-30,14968.0,104.5,9940.0,12163.0,7528.0,15062.0,21255.0,8341.0,10069.68,江西,中部
2022-03-31,7163.0,106.5,5442.0,6576.0,4229.0,8391.0,11464.0,5104.0,7760.27,江西,中部
2021-12-31,29838.0,108.9,20290.0,24587.0,15663.0,30610.0,41684.0,18684.0,15174.94,江西,中部
2021-09-30,21654.0,110.4,14129.0,17487.0,10585.0,21883.0,30643.0,12635.0,11784.18,江西,中部
2025-09-30,35548.0,105.5,17983.0,21532.0,13937.0,26863.0,34964.0,17630.0,15934.26,河北,东部
2025-06-30,22966.0,105.4,11822.0,14107.0,9219.0,17795.0,22872.0,12008.0,13875.4,河北,东部
2025-03-31,11247.0,105.7,6510.0,7814.0,5057.0,9220.0,12019.0,6101.0,11515.85,河北,东部
2024-12-31,47527.0,105.4,24253.0,29310.0,18412.0,34665.0,45610.0,22022.0,18264.7,河北,东部
2024-09-30,34456.0,105.0,17092.0,20635.0,13144.0,25547.0,33539.0,16641.0,15274.12,河北,东部
2024-06-30,22410.0,105.0,11180.0,13440.0,8662.0,16899.0,21879.0,11350.0,13245.28,河北,东部
2024-03-31,10928.0,105.6,6178.0,7472.0,4769.0,8729.0,11465.0,5748.0,10656.63,河北,东部
2023-12-31,45660.0,105.7,22920.0,27906.0,17244.0,32903.0,43631.0,20688.0,17512.3,河北,东部
2023-09-30,33206.0,105.4,15949.0,19307.0,12261.0,24243.0,32080.0,15633.0,14804.7,河北,东部
2023-06-30,21605.0,106.3,10414.0,12532.0,8087.0,16006.0,20888.0,10643.0,12637.82,河北,东部
2023-03-31,10449.0,105.4,5789.0,6984.0,4506.0,8257.0,10932.0,5384.0,10225.93,河北,东部
2022-12-31,43198.0,103.8,20890.0,25071.0,16271.0,30867.0,41278.0,19364.0,17459.35,河北,东部
2022-09-30,31391.0,103.7,14943.0,18043.0,11639.0,22783.0,30455.0,14605.0,14113.5,河北,东部
2022-06-30,20312.0,103.4,9743.0,11736.0,7618.0,14998.0,19792.0,9888.0,12042.29,河北,东部
2022-03-31,9797.0,105.2,5474.0,6584.0,4316.0,7863.0,10524.0,5089.0,9249.94,河北,东部
2021-12-31,41205.0,106.7,19954.0,24192.0,15391.0,29383.0,39791.0,18179.0,16250.66,河北,东部
2021-09-30,29505.0,107.9,13986.0,17165.0,10684.0,21643.0,29274.0,13716.0,13411.27,河北,东部
2025-09-30,48868.0,105.6,16913.0,20305.0,13644.0,23680.0,32405.0,15274.0,21658.44,河南,中部
2025-06-30,31684.0,105.7,11376.0,13667.0,9170.0,15781.0,21981.0,9807.0,18741.9,河南,中部
2025-03-31,14946.0,105.9,6070.0,7183.0,5015.0,8752.0,11917.0,5749.0,15701.72,河南,中部
2024-12-31,63590.0,105.1,21956.0,26507.0,17515.0,31552.0,42027.0,21330.0,26644.35,河南,中部
2024-09-30,46775.0,105.0,16077.0,19631.0,12722.0,22494.0,30975.0,14488.0,22388.82,河南,中部
2024-06-30,30217.0,104.9,10835.0,13157.0,8642.0,14962.0,20975.0,9285.0,19583.27,河南,中部
2024-03-31,14209.0,104.7,5803.0,6972.0,4716.0,8278.0,11352.0,5420.0,16691.42,河南,中部
2023-12-31,60628.0,104.2,21011.0,25570.0,16638.0,29933.0,40234.0,20053.0,26880.46,河南,中部
2023-09-30,44757.0,103.9,15400.0,18946.0,12110.0,21344.0,29672.0,13618.0,22432.67,河南,中部
2023-06-30,28938.0,103.9,10275.0,12596.0,8122.0,14156.0,20045.0,8692.0,19343.39,河南,中部
2023-03-31,13710.0,105.2,5369.0,6509.0,4328.0,7804.0,10833.0,5037.0,15945.46,河南,中部
2022-12-31,58807.0,102.4,19019.0,23539.0,14824.0,28222.0,38484.0,18697.0,30034.34,河南,中部
2022-09-30,44632.0,102.9,14132.0,17510.0,11087.0,20174.0,28411.0,12747.0,24725.93,河南,中部
2022-06-30,29123.0,102.3,9412.0,11667.0,7379.0,13322.0,19124.0,8091.0,20918.63,河南,中部
2022-03-31,13482.0,103.9,4992.0,6157.0,3957.0,7419.0,10414.0,4760.0,15879.02,河南,中部
2021-12-31,57807.0,105.9,18391.0,23178.0,14073.0,26811.0,37095.0,17533.0,29706.2,河南,中部
2021-09-30,43187.0,108.5,13400.0,16917.0,10317.0,19094.0,27203.0,11987.0,22805.75,河南,中部
2025-09-30,68495.0,105.7,35151.0,39192.0,26391.0,54653.0,63079.0,36383.0,38552.79,浙江,东部
2025-06-30,45004.0,105.8,23397.0,25801.0,18208.0,37813.0,43293.0,25986.0,33690.69,浙江,东部
2025-03-31,22300.0,106.0,12559.0,13924.0,9668.0,22477.0,25990.0,15043.0,28551.09,浙江,东部
2024-12-31,90131.0,105.5,45107.0,50704.0,33043.0,67013.0,78251.0,42786.0,46321.18,浙江,东部
2024-09-30,65059.0,105.4,33547.0,37562.0,25012.0,52206.0,60516.0,34539.0,39816.71,浙江,东部
2024-06-30,42554.0,105.6,22154.0,24536.0,17112.0,35982.0,41365.0,24589.0,34870.17,浙江,东部
2024-03-31,21011.0,106.1,11794.0,13155.0,8970.0,21352.0,24796.0,14203.0,29329.54,浙江,东部
2023-12-31,85620.0,106.2,42194.0,47762.0,30468.0,63830.0,74997.0,40311.0,48193.18,浙江,东部
2023-09-30,62211.0,106.5,31390.0,35388.0,23085.0,49821.0,58121.0,32578.0,41257.82,浙江,东部
2023-06-30,40729.0,107.0,20667.0,23060.0,15720.0,34317.0,39728.0,23126.0,36004.49,浙江,东部
2023-03-31,19925.0,105.1,10666.0,11949.0,8063.0,20158.0,23589.0,13198.0,30307.45,浙江,东部
2022-12-31,80770.0,103.4,38971.0,44511.0,27483.0,60302.0,71268.0,37565.0,47944.65,浙江,东部
2022-09-30,58244.0,103.4,28794.0,32672.0,20864.0,47023.0,55132.0,30438.0,40982.33,浙江,东部
2022-06-30,37834.0,102.8,18995.0,21333.0,14236.0,32443.0,37749.0,21639.0,35191.68,浙江,东部
2022-03-31,18686.0,105.4,10152.0,11400.0,7660.0,19366.0,22784.0,12541.0,29189.65,浙江,东部
2021-12-31,76765.0,108.9,36668.0,42193.0,25415.0,57541.0,68487.0,35247.0,46613.51,浙江,东部
2021-09-30,54919.0,111.1,27060.0,30934.0,19243.0,44712.0,52758.0,28474.0,39348.87,浙江,东部
2025-09-30,5687.0,103.9,20153.0,24523.0,14321.0,26930.0,33990.0,17507.0,1701.38,海南,东部
2025-06-30,3702.0,104.2,13457.0,16251.0,9729.0,19215.0,23800.0,13096.0,1533.06,海南,东部
2025-03-31,1904.0,104.0,7088.0,8639.0,5040.0,9803.0,12536.0,6193.0,2472.4,海南,东部
2024-12-31,7936.0,103.7,25908.0,31507.0,18415.0,34829.0,44307.0,22146.0,1888.69,海南,东部
2024-09-30,5622.0,103.2,19231.0,23627.0,13479.0,25760.0,32764.0,16596.0,1486.2,海南,东部
2024-06-30,3634.0,103.1,12908.0,15766.0,9168.0,18302.0,22858.0,12343.0,1344.08,海南,东部
2024-03-31,1858.0,103.3,6887.0,8537.0,4751.0,9295.0,11992.0,5804.0,1141.79,海南,东部
2023-12-31,7590.0,109.2,23752.0,28930.0,16924.0,33192.0,42661.0,20708.0,1580.3,海南,东部
2023-09-30,5411.0,109.5,17504.0,21533.0,12310.0,24573.0,31603.0,15511.0,1353.1,海南,东部
2023-06-30,3553.0,108.6,11746.0,14389.0,8339.0,17414.0,22016.0,11482.0,1198.74,海南,东部
2023-03-31,1828.0,106.8,6222.0,7748.0,4276.0,8770.0,11421.0,5388.0,947.36,海南,东部
2022-12-31,6913.0,100.4,21500.0,26418.0,15145.0,30957.0,40118.0,19117.0,1419.3,海南,东部
2022-09-30,4883.0,99.9,15728.0,19459.0,11012.0,22886.0,29633.0,14359.0,1181.3,海南,东部
2022-06-30,3213.0,102.0,10884.0,13445.0,7649.0,16230.0,20653.0,10640.0,952.66,海南,东部
2022-03-31,1641.0,106.6,5847.0,7273.0,4063.0,8373.0,11010.0,5075.0,730.43,海南,东部
2021-12-31,6509.0,111.4,22242.0,27565.0,15487.0,30457.0,40213.0,18076.0,1203.64,海南,东部
2021-09-30,4541.0,113.2,16046.0,20059.0,11067.0,22735.0,30055.0,13650.0,1008.79,海南,东部
2025-09-30,44876.0,106.0,21012.0,24605.0,15852.0,28036.0,36460.0,15938.0,48899.47,湖北,中部
2025-06-30,29643.0,106.2,13991.0,16282.0,10702.0,18930.0,24987.0,10231.0,42908.67,湖北,中部
2025-03-31,13543.0,106.3,7677.0,8861.0,6002.0,11075.0,14077.0,6826.0,37159.6,湖北,中部
2024-12-31,60013.0,105.8,27888.0,32473.0,21326.0,36947.0,46987.0,22580.0,57792.83,湖北,中部
2024-09-30,42469.0,105.7,20514.0,24241.0,15251.0,26636.0,34811.0,15087.0,49538.12,湖北,中部
2024-06-30,27907.0,105.8,13667.0,16128.0,10190.0,17978.0,23857.0,9675.0,44084.49,湖北,中部
2024-03-31,12730.0,106.1,7412.0,8681.0,5646.0,10512.0,13434.0,6443.0,39556.86,湖北,中部
2023-12-31,56794.0,106.1,27106.0,31500.0,20922.0,35146.0,44990.0,21293.0,59638.98,湖北,中部
2023-09-30,40560.0,106.2,19701.0,23035.0,15071.0,25382.0,33411.0,14230.0,50024.88,湖北,中部
2023-06-30,26489.0,105.7,12719.0,14862.0,9742.0,17146.0,22935.0,9105.0,43200.05,湖北,中部
2023-03-31,12014.0,105.3,6811.0,7802.0,5454.0,9960.0,12837.0,6020.0,35205.57,湖北,中部
2022-12-31,53445.0,104.0,24828.0,29121.0,18991.0,32914.0,42626.0,19709.0,57866.22,湖北,中部
2022-09-30,37885.0,104.5,18014.0,21397.0,13474.0,23847.0,31747.0,13244.0,45433.63,湖北,中部
2022-06-30,24691.0,104.3,12031.0,14237.0,9071.0,16131.0,21813.0,8507.0,39209.23,湖北,中部
2022-03-31,11150.0,106.5,6559.0,7505.0,5308.0,9448.0,12296.0,5680.0,32482.64,湖北,中部
2021-12-31,50093.0,112.9,23846.0,28506.0,17647.0,30829.0,40278.0,18259.0,48909.09,湖北,中部
2021-09-30,34618.0,118.8,17023.0,20512.0,12442.0,22271.0,29918.0,12229.0,37632.31,湖北,中部
2025-09-30,40241.0,105.4,19694.0,24252.0,14534.0,28248.0,38564.0,16571.0,25257.35,湖南,中部
2025-06-30,26166.0,105.6,13175.0,16049.0,9922.0,18882.0,25821.0,11028.0,21686.5,湖南,中部
2025-03-31,12702.0,105.4,7197.0,8741.0,5474.0,10860.0,14705.0,6568.0,18004.02,湖南,中部
2024-12-31,53231.0,104.8,26760.0,32625.0,20068.0,37679.0,51243.0,22204.0,31644.32,湖南,中部
2024-09-30,38401.0,104.5,18778.0,23294.0,13752.0,26861.0,36926.0,15659.0,25973.3,湖南,中部
2024-06-30,24875.0,104.5,12566.0,15405.0,9408.0,17937.0,24676.0,10438.0,22792.35,湖南,中部
2024-03-31,12067.0,104.8,6902.0,8458.0,5194.0,10288.0,14013.0,6200.0,20603.79,湖南,中部
2023-12-31,50667.0,104.7,25462.0,31035.0,19210.0,35895.0,49243.0,20921.0,32050.87,湖南,中部
2023-09-30,36854.0,104.1,17825.0,22187.0,13051.0,25591.0,35484.0,14766.0,25474.93,湖南,中部
2023-06-30,23934.0,103.7,11956.0,14715.0,8936.0,17070.0,23689.0,9827.0,22308.24,湖南,中部
2023-03-31,11569.0,104.2,6536.0,8050.0,4902.0,9734.0,13394.0,5784.0,18689.69,湖南,中部
2022-12-31,47958.0,104.2,24083.0,29580.0,18078.0,34036.0,47301.0,19546.0,31306.33,湖南,中部
2022-09-30,34997.0,104.5,16923.0,21250.0,12313.0,24282.0,34087.0,13834.0,25751.17,湖南,中部
2022-06-30,22711.0,104.0,11456.0,14229.0,8502.0,16128.0,22639.0,9190.0,22208.63,湖南,中部
2022-03-31,10953.0,105.7,6277.0,7774.0,4704.0,9259.0,12860.0,5476.0,17560.9,湖南,中部
2021-12-31,45752.0,107.6,22798.0,28294.0,16951.0,31993.0,44866.0,18295.0,29744.03,湖南,中部
2021-09-30,32837.0,108.8,15919.0,20200.0,11475.0,22763.0,32249.0,12917.0,23956.88,湖南,中部
2025-09-30,9970.0,106.1,14969.0,21467.0,9623.0,20265.0,32736.0,10003.0,4974.21,甘肃,西部
2025-06-30,6469.0,106.3,9878.0,14196.0,6325.0,13029.0,20896.0,6555.0,4155.17,甘肃,西部
2025-03-31,3119.0,106.2,5402.0,7451.0,3738.0,7182.0,11106.0,3995.0,3138.84,甘肃,西部
2024-12-31,13003.0,105.8,19829.0,28013.0,13107.0,26612.0,41842.0,14105.0,6020.22,甘肃,西部
2024-09-30,9514.0,106.0,14290.0,20712.0,9143.0,19108.0,31201.0,9415.0,4996.67,甘肃,西部
2024-06-30,6159.0,105.8,9354.0,13576.0,5970.0,12255.0,19864.0,6157.0,4276.05,甘肃,西部
2024-03-31,2958.0,105.9,5189.0,7251.0,3558.0,6743.0,10546.0,3735.0,3419.88,甘肃,西部
2023-12-31,12346.0,106.6,19013.0,27044.0,12575.0,25011.0,39833.0,13131.0,6032.89,甘肃,西部
2023-09-30,9003.0,106.8,13695.0,20085.0,8697.0,18003.0,29826.0,8756.0,5016.82,甘肃,西部
2023-06-30,5779.0,107.0,8908.0,13030.0,5683.0,11530.0,18970.0,5710.0,4285.42,甘肃,西部
2023-03-31,2789.0,106.9,4819.0,6753.0,3326.0,6335.0,10014.0,3496.0,3246.22,甘肃,西部
2022-12-31,11554.0,104.6,17489.0,25207.0,11494.0,23273.0,37572.0,12165.0,5921.19,甘肃,西部
2022-09-30,8423.0,104.1,12486.0,18590.0,7858.0,16732.0,28100.0,8114.0,4920.17,甘肃,西部
2022-06-30,5427.0,104.2,8261.0,12254.0,5234.0,10672.0,17782.0,5283.0,4085.9,甘肃,西部
2022-03-31,2570.0,105.3,4540.0,6470.0,3096.0,6068.0,9765.0,3302.0,2836.64,甘肃,西部
2021-12-31,10608.0,107.1,17456.0,25757.0,11206.0,22066.0,36187.0,11433.0,5243.11,甘肃,西部
2021-09-30,7627.0,108.7,12172.0,18515.0,7512.0,15819.0,26947.0,7642.0,4327.81,甘肃,西部
2025-09-30,42340.0,105.2,25998.0,30748.0,17451.0,39213.0,48644.0,22245.0,25507.96,福建,东部
2025-06-30,27997.0,105.7,17107.0,20210.0,11598.0,26478.0,33197.0,14546.0,21386.34,福建,东部
2025-03-31,13232.0,105.7,9053.0,10620.0,6301.0,14600.0,18605.0,7568.0,17570.27,福建,东部
2024-12-31,57761.0,105.5,33876.0,39910.0,23179.0,47857.0,58763.0,28525.0,32227.26,福建,东部
2024-09-30,40594.0,105.5,24677.0,29373.0,16398.0,37266.0,46493.0,20997.0,26309.1,福建,东部
2024-06-30,26669.0,105.6,16200.0,19252.0,10889.0,25122.0,31687.0,13695.0,22107.21,福建,东部
2024-03-31,12552.0,105.8,8531.0,10063.0,5895.0,13822.0,17722.0,7110.0,18443.53,福建,东部
2023-12-31,54802.0,104.5,31869.0,37674.0,21746.0,45426.0,56153.0,26722.0,31367.32,福建,东部
2023-09-30,38792.0,104.1,23262.0,27879.0,15221.0,35439.0,44497.0,19667.0,25919.0,福建,东部
2023-06-30,25352.0,103.8,15125.0,18077.0,10050.0,23809.0,30224.0,12783.0,22040.94,福建,东部
2023-03-31,11979.0,101.7,7994.0,9503.0,5430.0,13054.0,16870.0,6567.0,17963.46,福建,东部
2022-12-31,52100.0,104.2,30042.0,35692.0,20467.0,43118.0,53817.0,24987.0,31214.37,福建,东部
2022-09-30,37072.0,104.7,21780.0,26263.0,14194.0,33707.0,42728.0,18443.0,26594.29,福建,东部
2022-06-30,24258.0,104.1,14385.0,17378.0,9385.0,22594.0,28948.0,11977.0,22259.22,福建,东部
2022-03-31,11694.0,106.2,7581.0,9091.0,5085.0,12500.0,16300.0,6221.0,17457.1,福建,东部
2021-12-31,49603.0,108.3,28440.0,33942.0,19290.0,40659.0,51140.0,23229.0,29514.45,福建,东部
2021-09-30,35593.0,109.2,20742.0,25221.0,13305.0,31781.0,40577.0,17173.0,24576.29,福建,东部
2025-09-30,2070.0,107.1,13981.0,26137.0,9127.0,23357.0,45434.0,14540.0,407.68,西藏,西部
2025-06-30,1383.0,107.2,9552.0,18054.0,6156.0,13364.0,28741.0,7222.0,335.49,西藏,西部
2025-03-31,717.0,107.9,5202.0,9851.0,3360.0,6029.0,13703.0,2988.0,223.68,西藏,西部
2024-12-31,2765.0,106.3,18983.0,31292.0,13985.0,31358.0,55444.0,21578.0,619.28,西藏,西部
2024-09-30,1894.0,106.2,12932.0,24660.0,8334.0,21777.0,42766.0,13547.0,559.9,西藏,西部
2024-06-30,1263.0,106.1,8718.0,16812.0,5544.0,12416.0,26967.0,6711.0,434.24,西藏,西部
2024-03-31,644.0,105.1,4661.0,8883.0,3019.0,5576.0,12803.0,2764.0,278.85,西藏,西部
2023-12-31,2533.0,109.7,17220.0,28858.0,12619.0,28983.0,51900.0,19924.0,453.83,西藏,西部
2023-09-30,1754.0,110.0,11854.0,23036.0,7586.0,20147.0,40145.0,12516.0,419.27,西藏,西部
2023-06-30,1153.0,108.6,8029.0,15823.0,5055.0,11482.0,25350.0,6190.0,362.78,西藏,西部
2023-03-31,621.0,108.4,4206.0,8208.0,2691.0,5128.0,11996.0,2528.0,267.38,西藏,西部
2022-12-31,2235.0,101.4,15886.0,28265.0,11139.0,26675.0,48753.0,18209.0,432.29,西藏,西部
2022-09-30,1539.0,100.5,11075.0,22624.0,6802.0,18646.0,37932.0,11510.0,363.37,西藏,西部
2022-06-30,1025.0,105.1,7522.0,15472.0,4581.0,10639.0,23975.0,5705.0,340.79,西藏,西部
2022-03-31,544.0,106.7,3922.0,8003.0,2424.0,4832.0,11527.0,2376.0,232.3,西藏,西部
2021-12-31,2145.0,107.0,15342.0,28159.0,10577.0,24950.0,46503.0,16932.0,552.67,西藏,西部
2021-09-30,1478.0,107.5,10127.0,20521.0,6399.0,17081.0,35517.0,10470.0,484.86,西藏,西部
2025-09-30,17352.0,104.9,15810.0,21896.0,10986.0,21923.0,35133.0,11453.0,11491.42,贵州,西部
2025-06-30,11452.0,105.3,10683.0,14973.0,7284.0,14569.0,23681.0,7346.0,10363.2,贵州,西部
2025-03-31,5598.0,105.3,5748.0,7567.0,4333.0,7698.0,12360.0,4074.0,9480.37,贵州,西部
2024-12-31,22667.0,105.3,20871.0,28512.0,14802.0,28561.0,44558.0,15856.0,13405.88,贵州,西部
2024-09-30,16671.0,105.2,15170.0,21239.0,10469.0,20866.0,33827.0,10826.0,11640.78,贵州,西部
2024-06-30,11076.0,105.3,10149.0,14347.0,6897.0,13822.0,22722.0,6927.0,10719.07,贵州,西部
2024-03-31,5360.0,105.5,5381.0,7086.0,4085.0,7273.0,11818.0,3820.0,9692.49,贵州,西部
2023-12-31,21514.0,105.1,20161.0,27693.0,14260.0,27098.0,42772.0,14817.0,13448.04,贵州,西部
2023-09-30,15810.0,105.0,14512.0,20547.0,9901.0,19814.0,32516.0,10108.0,11501.54,贵州,西部
2023-06-30,10534.0,104.6,9463.0,13436.0,6427.0,13120.0,21841.0,6456.0,10523.15,贵州,西部
2023-03-31,5096.0,102.7,4811.0,6521.0,3528.0,6849.0,11273.0,3533.0,8984.21,贵州,西部
2022-12-31,20580.0,101.2,17939.0,24230.0,13172.0,25508.0,41086.0,13707.0,13858.93,贵州,西部
2022-09-30,15091.0,102.8,13283.0,18755.0,9240.0,18702.0,31327.0,9375.0,11451.28,贵州,西部
2022-06-30,10042.0,104.5,8777.0,12400.0,6100.0,12372.0,21029.0,5975.0,9307.41,贵州,西部
2022-03-31,4931.0,106.6,4658.0,6500.0,3323.0,6546.0,10979.0,3334.0,8283.75,贵州,西部
2021-12-31,19921.0,108.3,17957.0,25333.0,12557.0,23996.0,39211.0,12856.0,12077.25,贵州,西部
2021-09-30,14155.0,108.9,13030.0,19109.0,8690.0,17428.0,29601.0,8737.0,10262.18,贵州,西部
2025-09-30,24284.0,104.3,19623.0,23041.0,12422.0,31441.0,37493.0,18691.0,6590.48,辽宁,东北
2025-06-30,15708.0,104.7,13335.0,15647.0,8463.0,21343.0,25128.0,13368.0,5538.64,辽宁,东北
2025-03-31,7607.0,105.2,6974.0,8136.0,4567.0,11446.0,13077.0,8067.0,4481.48,辽宁,东北
2024-12-31,32613.0,105.1,25963.0,30350.0,16742.0,39844.0,47982.0,22744.0,9109.42,辽宁,东北
2024-09-30,23772.0,104.9,18877.0,22165.0,12030.0,29998.0,35862.0,17786.0,7175.42,辽宁,东北
2024-06-30,15356.0,105.0,12700.0,14933.0,8049.0,20312.0,23989.0,12655.0,5660.48,辽宁,东北
2024-03-31,7377.0,105.4,6636.0,7763.0,4325.0,10871.0,12456.0,7624.0,3727.15,辽宁,东北
2023-12-31,31390.0,105.5,24865.0,29091.0,16040.0,37992.0,45896.0,21483.0,8604.68,辽宁,东北
2023-09-30,22627.0,105.5,18148.0,21438.0,11338.0,28598.0,34298.0,16801.0,6812.09,辽宁,东北
2023-06-30,14612.0,105.8,11825.0,13934.0,7461.0,19371.0,22951.0,11961.0,5557.07,辽宁,东北
2023-03-31,6959.0,105.0,5962.0,7018.0,3812.0,10331.0,11872.0,7191.0,3101.25,辽宁,东北
2022-12-31,29740.0,102.2,22604.0,26652.0,14326.0,36089.0,44003.0,19908.0,7979.92,辽宁,东北
2022-09-30,21457.0,102.2,16500.0,19600.0,10221.0,27125.0,32844.0,15537.0,6560.35,辽宁,东北
2022-06-30,13742.0,101.6,10789.0,12799.0,6716.0,18326.0,21897.0,11092.0,5261.25,辽宁,东北
2022-03-31,6473.0,102.8,6046.0,7105.0,3933.0,9977.0,11552.0,6835.0,3008.0,辽宁,东北
2021-12-31,28471.0,106.0,23831.0,28438.0,14606.0,35112.0,43051.0,19217.0,8237.01,辽宁,东北
2021-09-30,20257.0,107.6,16955.0,20398.0,10123.0,26499.0,32201.0,15187.0,6492.41,辽宁,东北
2025-09-30,24449.0,105.3,20567.0,24544.0,13683.0,32283.0,40683.0,17745.0,14799.26,重庆,西部
2025-06-30,15930.0,105.0,14001.0,16797.0,9162.0,22117.0,28051.0,11845.0,12574.47,重庆,西部
2025-03-31,7575.0,104.3,7335.0,8805.0,4842.0,11860.0,14912.0,6681.0,10498.22,重庆,西部
2024-12-31,32193.0,105.7,27451.0,32360.0,18918.0,39713.0,49778.0,22221.0,17339.85,重庆,西部
2024-09-30,23347.0,106.0,19960.0,24061.0,12971.0,30792.0,39007.0,16790.0,14593.34,重庆,西部
2024-06-30,15215.0,106.1,13446.0,16266.0,8639.0,21036.0,26835.0,11152.0,12384.52,重庆,西部
2024-03-31,7289.0,106.2,7058.0,8555.0,4556.0,11251.0,14224.0,6280.0,9890.72,重庆,西部
2023-12-31,30614.0,106.2,26515.0,31531.0,17964.0,37595.0,47435.0,20820.0,17671.6,重庆,西部
2023-09-30,22362.0,105.6,19312.0,23564.0,12203.0,29241.0,37298.0,15768.0,14528.86,重庆,西部
2023-06-30,14432.0,104.6,12934.0,15843.0,8068.0,19920.0,25588.0,10442.0,12206.45,重庆,西部
2023-03-31,6981.0,104.7,6784.0,8328.0,4252.0,10670.0,13606.0,5856.0,9995.34,重庆,西部
2022-12-31,28772.0,102.5,25371.0,30574.0,16727.0,35666.0,45509.0,19313.0,17830.95,重庆,西部
2022-09-30,20864.0,102.9,18351.0,22676.0,11301.0,27826.0,35863.0,14727.0,14819.16,重庆,西部
2022-06-30,13540.0,103.8,12491.0,15479.0,7621.0,18923.0,24539.0,9768.0,12644.8,重庆,西部
2022-03-31,6476.0,105.0,6593.0,8171.0,4071.0,10240.0,13183.0,5534.0,10117.04,重庆,西部
2021-12-31,28093.0,108.4,24598.0,29850.0,16096.0,33803.0,43502.0,18100.0,17568.51,重庆,西部
2021-09-30,20020.0,110.0,17395.0,21618.0,10690.0,26133.0,33962.0,13700.0,14259.18,重庆,西部
2025-09-30,25771.0,105.3,17973.0,22107.0,12874.0,27091.0,37381.0,14395.0,21186.96,陕西,西部
2025-06-30,16828.0,105.5,12044.0,14805.0,8636.0,17756.0,24335.0,9640.0,18729.85,陕西,西部
2025-03-31,8236.0,105.6,6402.0,7815.0,4683.0,9394.0,12635.0,5449.0,15961.81,陕西,西部
2024-12-31,35539.0,105.3,23213.0,28543.0,16731.0,33905.0,46821.0,18199.0,26029.12,陕西,西部
2024-09-30,24965.0,104.6,17162.0,21305.0,12166.0,25653.0,35669.0,13576.0,21033.47,陕西,西部
2024-06-30,16393.0,104.3,11499.0,14267.0,8161.0,16808.0,23220.0,9077.0,18695.38,陕西,西部
2024-03-31,7991.0,104.2,6106.0,7527.0,4417.0,8859.0,12021.0,5098.0,15789.0,陕西,西部
2023-12-31,33976.0,104.3,22012.0,27303.0,15647.0,32128.0,44713.0,16992.0,26498.63,陕西,西部
2023-09-30,24079.0,102.4,16310.0,20288.0,11568.0,24294.0,34037.0,12676.0,20607.05,陕西,西部
2023-06-30,15775.0,103.8,10897.0,13491.0,7803.0,15902.0,22150.0,8450.0,19440.4,陕西,西部
2023-03-31,7792.0,105.4,5687.0,7012.0,4128.0,8306.0,11372.0,4698.0,14693.11,陕西,西部
2022-12-31,33036.0,104.5,19848.0,24766.0,14094.0,30116.0,42431.0,15704.0,24520.56,陕西,西部
2022-09-30,23814.0,105.0,14438.0,18019.0,10284.0,22806.0,32312.0,11776.0,18710.84,陕西,西部
2022-06-30,15452.0,104.4,9560.0,11882.0,6866.0,14906.0,21004.0,7830.0,15676.47,陕西,西部
2022-03-31,7362.0,105.3,4971.0,6137.0,3635.0,7822.0,10819.0,4391.0,11282.81,陕西,西部
2021-12-31,30477.0,106.7,19347.0,24784.0,13158.0,28568.0,40713.0,14745.0,21841.58,陕西,西部
2021-09-30,21568.0,107.3,14536.0,18673.0,9867.0,21665.0,31052.0,11070.0,16826.31,陕西,西部
2025-09-30,2866.0,103.7,16484.0,20946.0,11507.0,22376.0,31712.0,11963.0,2159.41,青海,西部
2025-06-30,1876.0,104.0,10979.0,14054.0,7550.0,14408.0,20819.0,7257.0,1851.01,青海,西部
2025-03-31,964.0,104.6,6035.0,7453.0,4476.0,8051.0,11245.0,4538.0,1528.1,青海,西部
2024-12-31,3951.0,102.7,21204.0,26413.0,15421.0,30117.0,42191.0,16715.0,2432.96,青海,西部
2024-09-30,2782.0,102.5,15889.0,20391.0,11002.0,21284.0,30481.0,11304.0,2177.49,青海,西部
2024-06-30,1834.0,101.0,10645.0,13831.0,7188.0,13661.0,19933.0,6855.0,1943.17,青海,西部
2024-03-31,930.0,103.6,5824.0,7233.0,4315.0,7607.0,10732.0,4263.0,1643.72,青海,西部
2023-12-31,3849.0,105.4,20327.0,25373.0,14790.0,28587.0,40408.0,15614.0,2294.41,青海,西部
2023-09-30,2766.0,105.7,15778.0,20354.0,10868.0,20180.0,29168.0,10536.0,1968.74,青海,西部
2023-06-30,1847.0,106.8,10250.0,13457.0,6809.0,12907.0,19005.0,6365.0,1790.03,青海,西部
2023-03-31,914.0,105.2,5513.0,7078.0,3857.0,7220.0,10280.0,3983.0,1357.52,青海,西部
2022-12-31,3677.0,102.5,17261.0,21700.0,12516.0,27000.0,38736.0,14456.0,1803.71,青海,西部
2022-09-30,2625.0,102.9,12950.0,16794.0,8934.0,19111.0,28046.0,9774.0,1557.92,青海,西部
2022-06-30,1729.0,102.8,8677.0,11346.0,5888.0,12263.0,18346.0,5906.0,1347.93,青海,西部
2022-03-31,853.0,105.4,5045.0,6515.0,3530.0,6960.0,10050.0,3775.0,1177.3,青海,西部
2021-12-31,3446.0,105.9,19020.0,24513.0,13300.0,25919.0,37745.0,13604.0,1783.66,青海,西部
2021-09-30,2461.0,106.9,13305.0,17506.0,9027.0,18247.0,27119.0,9213.0,1554.75,青海,西部
2025-09-30,11489.0,104.8,17679.0,20812.0,12966.0,22810.0,29195.0,13207.0,2833.28,黑龙江,东北
2025-06-30,7088.0,105.1,11694.0,13647.0,8757.0,14881.0,18912.0,8817.0,2314.84,黑龙江,东北
2025-03-31,3402.0,104.9,5990.0,6904.0,4626.0,9179.0,10193.0,7664.0,1466.72,黑龙江,东北
2024-12-31,16477.0,103.2,23467.0,27625.0,17295.0,31269.0,38212.0,20963.0,3578.62,黑龙江,东北
2024-09-30,11196.0,102.3,17007.0,20084.0,12464.0,21719.0,27931.0,12550.0,2961.62,黑龙江,东北
2024-06-30,6900.0,101.5,11123.0,12965.0,8403.0,14130.0,18043.0,8353.0,2352.22,黑龙江,东北
2024-03-31,3281.0,102.2,5717.0,6582.0,4450.0,8692.0,9676.0,7249.0,1280.64,黑龙江,东北
2023-12-31,16471.0,102.8,22052.0,25882.0,16453.0,29694.0,36492.0,19756.0,3328.85,黑龙江,东北
2023-09-30,11038.0,102.7,16025.0,18900.0,11844.0,20594.0,26641.0,11802.0,2767.92,黑龙江,东北
2023-06-30,6886.0,104.8,10374.0,12188.0,7736.0,13355.0,17163.0,7818.0,2176.97,黑龙江,东北
2023-03-31,3239.0,105.4,5301.0,6156.0,4067.0,8118.0,9083.0,6724.0,1053.73,黑龙江,东北
2022-12-31,16359.0,102.8,20412.0,24011.0,15162.0,28346.0,35042.0,18577.0,3201.6,黑龙江,东北
2022-09-30,10825.0,103.0,14769.0,17480.0,10836.0,19651.0,25531.0,11119.0,2740.79,黑龙江,东北
2022-06-30,6614.0,102.9,9594.0,11304.0,7114.0,12775.0,16404.0,7511.0,2171.25,黑龙江,东北
2022-03-31,3078.0,105.5,5146.0,5974.0,3954.0,7762.0,8766.0,6316.0,1009.55,黑龙江,东北
2021-12-31,15293.0,106.2,20636.0,24422.0,15225.0,27159.0,33646.0,17889.0,2983.95,黑龙江,东北
2021-09-30,9970.0,108.2,14140.0,16903.0,10213.0,18865.0,24408.0,10987.0,2343.03,黑龙江,东北
